theorem_id,session,theory,lemma_title,difficulty_tier,is_perturbed,source_proof_lines,source_proof
THM_001,HOL-Library,HOL-Library.Multiset,,tier_1_terminal,True,0,
THM_002,HOL-Library,HOL-Library.Multiset,,tier_2_inductive,False,0,
THM_003,HOL-Library,HOL-Library.Multiset,,tier_1_terminal,False,0,
THM_004,HOL-Library,HOL-Library.Multiset_Order,,tier_1_terminal,False,0,
THM_005,HOL-Library,HOL-Library.Multiset,,tier_2_inductive,False,0,
THM_006,HOL-Library,HOL-Library.Multiset,,tier_2_inductive,True,0,
THM_007,HOL-Library,HOL-Library.Tree,,tier_1_terminal,True,0,
THM_008,HOL-Library,HOL-Library.Multiset,,tier_2_inductive,False,0,
THM_009,HOL-Library,HOL-Library.Multiset,,tier_2_inductive,False,0,
THM_010,HOL-Library,HOL-Library.Multiset_Order,,tier_1_terminal,False,0,
THM_011,HOL-Library,HOL-Library.Multiset,,tier_3_structural,False,0,
THM_012,HOL-Library,HOL-Library.Multiset,,tier_2_inductive,True,0,
THM_013,HOL-Library,HOL-Library.Multiset,,tier_1_terminal,True,0,
THM_014,AVL-Trees,AVL-Trees.AVL2,,tier_3_structural,True,0,
THM_015,HOL-Library,HOL-Library.Multiset,,tier_2_inductive,True,0,
THM_016,AVL-Trees,AVL-Trees.AVL,,tier_2_inductive,True,0,
THM_017,HOL-Library,HOL-Library.Tree,,tier_2_inductive,False,0,
THM_018,HOL-Library,HOL-Library.Multiset,,tier_2_inductive,False,0,
THM_019,HOL-Library,HOL-Library.Multiset,,tier_1_terminal,False,0,
THM_020,HOL-Library,HOL-Library.Multiset,,tier_2_inductive,False,0,
THM_021,Featherweight_OCL,Featherweight_OCL.UML_Set,,tier_1_terminal,False,0,
THM_022,HOL-Library,HOL-Library.Multiset,,tier_3_structural,True,0,
THM_023,HOL-Library,HOL-Library.Multiset,,tier_2_inductive,True,0,
THM_024,HOL-Library,HOL-Library.Multiset,,tier_1_terminal,False,0,
THM_025,HOL-Library,HOL-Library.Multiset,,tier_2_inductive,False,0,
THM_026,Featherweight_OCL,Featherweight_OCL.UML_Logic,,tier_1_terminal,False,0,
THM_027,HOL-Library,HOL-Library.Multiset,,tier_1_terminal,True,0,
THM_028,AVL-Trees,AVL-Trees.AVL2,,tier_3_structural,False,0,
THM_029,HOL-Library,HOL-Library.Multiset,,tier_1_terminal,False,0,
THM_030,Featherweight_OCL,Featherweight_OCL.UML_Tools,,tier_1_terminal,True,0,
THM_031,Featherweight_OCL,Featherweight_OCL.UML_Tools,,tier_1_terminal,False,0,
THM_032,HOL-Library,HOL-Library.Multiset,,tier_1_terminal,False,0,
THM_033,HOL-Library,HOL-Library.Multiset,,tier_2_inductive,False,0,
THM_034,HOL-Library,HOL-Library.Multiset,,tier_2_inductive,False,0,
THM_035,HOL-Library,HOL-Library.Multiset,,tier_1_terminal,False,0,
THM_036,HOL-Library,HOL-Library.Multiset,,tier_3_structural,False,0,
THM_037,HOL-Library,HOL-Library.Multiset,,tier_1_terminal,False,0,
THM_038,HOL-Library,HOL-Library.Multiset,,tier_1_terminal,False,0,
THM_039,HOL-Library,HOL-Library.Multiset,,tier_2_inductive,False,0,
THM_040,HOL-Library,HOL-Library.Multiset,,tier_2_inductive,True,0,
THM_041,Featherweight_OCL,Featherweight_OCL.UML_State,,tier_1_terminal,False,0,
THM_042,HOL-Library,HOL-Library.Multiset,,tier_3_structural,False,0,
THM_043,HOL-Library,HOL-Library.Tree,,tier_1_terminal,True,0,
THM_044,AVL-Trees,AVL-Trees.AVL,,tier_2_inductive,False,0,
THM_045,HOL-Library,HOL-Library.Tree,,tier_2_inductive,False,0,
THM_046,HOL-Library,HOL-Library.Multiset,,tier_2_inductive,False,0,
THM_047,HOL-Library,HOL-Library.Tree,,tier_2_inductive,True,0,
THM_048,HOL-Library,HOL-Library.Tree,,tier_2_inductive,False,0,
THM_049,Featherweight_OCL,Featherweight_OCL.UML_Logic,,tier_1_terminal,False,0,
THM_050,HOL-Library,HOL-Library.Multiset,,tier_3_structural,False,0,
THM_051,Featherweight_OCL,Featherweight_OCL.UML_PropertyProfiles,,tier_1_terminal,False,0,
THM_052,Featherweight_OCL,Featherweight_OCL.UML_Tools,,tier_1_terminal,False,0,
THM_053,HOL-Library,HOL-Library.Multiset,,tier_1_terminal,False,0,
THM_054,HOL-Library,HOL-Library.Tree,,tier_2_inductive,False,0,
THM_055,HOL-Library,HOL-Library.Multiset,,tier_2_inductive,False,0,
THM_056,HOL-Library,HOL-Library.Multiset,,tier_2_inductive,False,0,
THM_057,HOL-Library,HOL-Library.Multiset,,tier_2_inductive,False,0,
THM_058,Featherweight_OCL,Featherweight_OCL.UML_Contracts,,tier_1_terminal,True,0,
THM_059,HOL-Library,HOL-Library.Multiset,,tier_2_inductive,True,0,
THM_060,HOL-Library,HOL-Library.Multiset,,tier_2_inductive,False,0,
THM_061,HOL-Library,HOL-Library.Multiset,,tier_1_terminal,True,0,
THM_062,HOL-Library,HOL-Library.DAList_Multiset,,tier_3_structural,True,0,
THM_063,HOL-Library,HOL-Library.Multiset,,tier_3_structural,True,0,
THM_064,HOL-Library,HOL-Library.Multiset,,tier_1_terminal,False,0,
THM_065,HOL-Library,HOL-Library.Multiset,,tier_2_inductive,False,0,
THM_066,HOL-Library,HOL-Library.Multiset,,tier_1_terminal,True,0,
THM_067,HOL-Library,HOL-Library.Multiset,,tier_1_terminal,False,0,
THM_068,HOL-Library,HOL-Library.Multiset,,tier_2_inductive,True,0,
THM_069,Featherweight_OCL,Featherweight_OCL.UML_Logic,,tier_3_structural,True,0,
THM_070,HOL-Library,HOL-Library.Multiset,,tier_2_inductive,False,0,
THM_071,HOL-Library,HOL-Library.Multiset,,tier_2_inductive,False,0,
THM_072,HOL-Library,HOL-Library.Multiset,,tier_3_structural,False,0,
THM_073,HOL-Library,HOL-Library.Tree,,tier_2_inductive,False,0,
THM_074,AVL-Trees,AVL-Trees.AVL,,tier_1_terminal,False,0,
THM_075,HOL-Library,HOL-Library.Multiset,,tier_2_inductive,True,0,
THM_076,HOL-Library,HOL-Library.Multiset,,tier_1_terminal,True,0,
THM_077,HOL-Library,HOL-Library.Multiset,,tier_1_terminal,False,0,
THM_078,HOL-Library,HOL-Library.Multiset,,tier_2_inductive,False,0,
THM_079,AVL-Trees,AVL-Trees.AVL2,,tier_1_terminal,False,0,
THM_080,HOL-Library,HOL-Library.Multiset,,tier_2_inductive,False,0,
THM_081,HOL-Library,HOL-Library.Multiset,,tier_2_inductive,False,0,
THM_082,HOL-Library,HOL-Library.Multiset,,tier_3_structural,False,0,
THM_083,AVL-Trees,AVL-Trees.AVL2,,tier_2_inductive,False,0,
THM_084,HOL-Library,HOL-Library.Multiset,,tier_2_inductive,False,0,
THM_085,HOL-Library,HOL-Library.Multiset,,tier_1_terminal,True,0,
THM_086,HOL-Library,HOL-Library.Multiset,,tier_3_structural,False,0,
THM_087,HOL-Library,HOL-Library.Multiset,,tier_2_inductive,True,0,
THM_088,HOL-Library,HOL-Library.Multiset_Order,,tier_3_structural,False,0,
THM_089,HOL-Library,HOL-Library.Multiset,,tier_1_terminal,False,0,
THM_090,HOL-Library,HOL-Library.Multiset,,tier_3_structural,False,0,
THM_091,HOL-Library,HOL-Library.Multiset,,tier_1_terminal,False,0,
THM_092,HOL-Library,HOL-Library.Multiset,,tier_1_terminal,True,0,
THM_093,HOL-Library,HOL-Library.Tree,,tier_1_terminal,False,0,
THM_094,HOL-Library,HOL-Library.Multiset_Order,,tier_1_terminal,False,0,
THM_095,HOL-Library,HOL-Library.Multiset,,tier_1_terminal,False,0,
THM_096,HOL-Library,HOL-Library.Multiset,,tier_2_inductive,False,0,
THM_097,HOL-Library,HOL-Library.Tree,,tier_2_inductive,True,0,
THM_098,HOL-Library,HOL-Library.Multiset,,tier_2_inductive,False,0,
THM_099,HOL-Library,HOL-Library.Tree,,tier_2_inductive,True,0,
THM_100,HOL-Library,HOL-Library.DAList_Multiset,,tier_2_inductive,False,0,
THM_101,HOL-Library,HOL-Library.DAList_Multiset,,tier_4_deep_hol,False,0,
THM_102,HOL-Library,HOL-Library.Multiset,,tier_4_deep_hol,False,0,
THM_103,HOL-Library,HOL-Library.Multiset_Order,,tier_4_deep_hol,False,0,
THM_104,HOL-Library,HOL-Library.Tree,,tier_4_deep_hol,False,0,
THM_105,HOL-Library,HOL-Library.Tree_Real,,tier_4_deep_hol,False,0,
THM_106,HOL-Library,HOL-Library.DAList_Multiset,,tier_4_deep_hol,False,0,
THM_107,HOL-Library,HOL-Library.Multiset,,tier_4_deep_hol,False,0,
THM_108,HOL-Library,HOL-Library.Multiset_Order,,tier_4_deep_hol,True,0,
THM_109,HOL-Library,HOL-Library.Tree,,tier_4_deep_hol,True,0,
THM_110,HOL-Library,HOL-Library.Tree_Real,,tier_4_deep_hol,False,0,
THM_111,HOL-Library,HOL-Library.DAList_Multiset,,tier_4_deep_hol,False,0,
THM_112,HOL-Library,HOL-Library.Multiset,,tier_4_deep_hol,False,0,
THM_113,HOL-Library,HOL-Library.Multiset_Order,,tier_4_deep_hol,False,0,
THM_114,HOL-Library,HOL-Library.Tree,,tier_4_deep_hol,True,0,
THM_115,HOL-Library,HOL-Library.Tree_Real,,tier_4_deep_hol,True,0,
THM_116,HOL-Library,HOL-Library.DAList_Multiset,,tier_4_deep_hol,False,0,
THM_117,HOL-Library,HOL-Library.Multiset,,tier_4_deep_hol,False,0,
THM_118,HOL-Library,HOL-Library.Multiset_Order,,tier_4_deep_hol,True,0,
THM_119,HOL-Library,HOL-Library.Tree,,tier_4_deep_hol,True,0,
THM_120,HOL-Library,HOL-Library.Tree_Real,,tier_4_deep_hol,False,0,
THM_121,AVL-Trees,AVL-Trees.AVL,,tier_5_deep_afp,False,0,
THM_122,Aho_Corasick,Aho_Corasick.Aho_Corasick,,tier_5_deep_afp,False,0,
THM_123,Featherweight_OCL,Featherweight_OCL.UML_Bag,,tier_5_deep_afp,False,0,
THM_124,Featherweight_OCL,Featherweight_OCL.UML_Contracts,,tier_5_deep_afp,False,0,
THM_125,Featherweight_OCL,Featherweight_OCL.UML_Integer,,tier_5_deep_afp,False,0,
THM_126,Featherweight_OCL,Featherweight_OCL.UML_Logic,,tier_5_deep_afp,False,0,
THM_127,Featherweight_OCL,Featherweight_OCL.UML_Real,,tier_5_deep_afp,False,0,
THM_128,Featherweight_OCL,Featherweight_OCL.UML_Sequence,,tier_5_deep_afp,True,0,
THM_129,Featherweight_OCL,Featherweight_OCL.UML_Set,,tier_5_deep_afp,True,0,
THM_130,Featherweight_OCL,Featherweight_OCL.UML_State,,tier_5_deep_afp,False,0,
THM_131,Featherweight_OCL,Featherweight_OCL.UML_Types,,tier_5_deep_afp,True,0,
THM_132,AVL-Trees,AVL-Trees.AVL,,tier_5_deep_afp,False,0,
THM_133,Aho_Corasick,Aho_Corasick.Aho_Corasick,,tier_5_deep_afp,True,0,
THM_134,Featherweight_OCL,Featherweight_OCL.UML_Bag,,tier_5_deep_afp,True,0,
THM_135,Featherweight_OCL,Featherweight_OCL.UML_Contracts,,tier_5_deep_afp,False,0,
THM_136,Featherweight_OCL,Featherweight_OCL.UML_Sequence,,tier_5_deep_afp,False,0,
THM_137,Featherweight_OCL,Featherweight_OCL.UML_Set,,tier_5_deep_afp,False,0,
THM_138,Featherweight_OCL,Featherweight_OCL.UML_State,,tier_5_deep_afp,True,0,
THM_139,AVL-Trees,AVL-Trees.AVL,,tier_5_deep_afp,False,0,
THM_140,Aho_Corasick,Aho_Corasick.Aho_Corasick,,tier_5_deep_afp,False,0,
