PCs Removed (k),Variance Discarded,Silhouette (S_domain),Aspect Ratio (sigma_x/sigma_y),Manifold Regime
0,0.0%,+0.191,1.05,1D syntactic carrier wave collapse
2,15.6%,-0.180,1.13,Destructive syntactic harmonic interference
5,28.7%,+0.521,1.35,Peak domain separation (Optimal)
8,36.0%,+0.506,1.11,Stable epistemic manifold window
10,41.0%,+0.439,1.12,Robust operating baseline (Fig. 2)
15,49.4%,-0.030,1.02,Onset of mathematical semantic erosion
20,55.7%,+0.089,1.11,Attenuated residual clustering
30,64.8%,+0.093,1.06,Severe mathematical attenuation
40,70.8%,-0.142,1.02,Near-complete topological dissolution
50,75.2%,-0.371,1.05,Catastrophic collapse into isotropic noise
75,82.4%,-0.342,1.0,Spherical Gaussian noise cloud
100,86.8%,-0.140,1.02,Complete geometric information loss
